{
  "extends": ["tslint-config-airbnb", "tslint-react", "tslint-react-recommended"],
  "rules": {
    "semicolon": [true, "never"],
    "max-line-length": [true, 200],
    "member-access": true,
    "no-else-after-return": false,
    "align": false,
    "jsx-no-lambda": false,
    "indent": [true, "spaces", 2],
    "import-name": false,
    "no-submodule-imports": false,
    "array-type": [true, "generic"],
    "prefer-array-literal": false,
    "function-name": false,
    "ter-arrow-parens": [true, "as-needed"],
    "variable-name": [true, "ban-keywords", "check-format", "allow-pascal-case"],
    "no-implicit-dependencies": [true, "dev", "optional"],
    "trailing-comma": [
      true,
      {
        "multiline": {
          "objects": "always",
          "arrays": "always",
          "functions": "never",
          "typeLiterals": "ignore"
        },
        "esSpecCompliant": true
      }
    ]
  }
}
